"id","value","group"
1,-0.565280291081026,"A"
2,-0.347337310064111,"B"
3,-0.0313699964518477,"A"
4,-0.969449584439048,"B"
5,0.186795739701899,"A"
6,2.48778942753735,"B"
7,-0.500086900004259,"A"
8,1.23195185337362,"B"
9,-2.27765768571477,"A"
10,-0.954007301307313,"B"
